/*
MySQL Data Transfer
Source Host: localhost
Source Database: landinst
Target Host: localhost
Target Database: landinst
Date: 2014/8/14 10:25:38
*/

SET FOREIGN_KEY_CHECKS=0;
-- ----------------------------
-- Table structure for annualcheck
-- ----------------------------
DROP TABLE IF EXISTS `annualcheck`;
CREATE TABLE `annualcheck` (
  `ID` int(11) NOT NULL AUTO_INCREMENT,
  `StartDate` datetime NOT NULL,
  `EndDate` datetime NOT NULL,
  `Name` varchar(255) NOT NULL,
  `Summary` varchar(1024) DEFAULT '0',
  PRIMARY KEY (`ID`)
) ENGINE=InnoDB AUTO_INCREMENT=3 DEFAULT CHARSET=utf8;

-- ----------------------------
-- Table structure for checklog
-- ----------------------------
DROP TABLE IF EXISTS `checklog`;
CREATE TABLE `checklog` (
  `ID` int(11) NOT NULL AUTO_INCREMENT,
  `InfoID` int(11) NOT NULL,
  `UserID` int(11) NOT NULL,
  `CheckType` int(11) NOT NULL,
  `CreateTime` datetime NOT NULL,
  `UpdateTime` datetime DEFAULT NULL,
  `Result` bit(1) DEFAULT NULL,
  `Note` varchar(1024) DEFAULT NULL,
  PRIMARY KEY (`ID`),
  KEY `ix_userid` (`UserID`),
  KEY `ix_infoId` (`InfoID`)
) ENGINE=InnoDB AUTO_INCREMENT=26 DEFAULT CHARSET=utf8;

-- ----------------------------
-- Table structure for checkprofile
-- ----------------------------
DROP TABLE IF EXISTS `checkprofile`;
CREATE TABLE `checkprofile` (
  `ID` int(11) NOT NULL AUTO_INCREMENT,
  `CheckLogID` int(11) NOT NULL,
  `ProfileID` int(11) NOT NULL,
  PRIMARY KEY (`ID`)
) ENGINE=InnoDB AUTO_INCREMENT=6 DEFAULT CHARSET=gb2312;

-- ----------------------------
-- Table structure for education
-- ----------------------------
DROP TABLE IF EXISTS `education`;
CREATE TABLE `education` (
  `ID` int(11) NOT NULL AUTO_INCREMENT,
  `Name` varchar(255) NOT NULL,
  `StartDate` datetime NOT NULL,
  `EndDate` datetime NOT NULL,
  `Hours` int(11) NOT NULL DEFAULT '0',
  `Agency` varchar(255) DEFAULT NULL,
  `Summary` varchar(512) DEFAULT NULL,
  PRIMARY KEY (`ID`)
) ENGINE=InnoDB AUTO_INCREMENT=2 DEFAULT CHARSET=utf8;

-- ----------------------------
-- Table structure for exam
-- ----------------------------
DROP TABLE IF EXISTS `exam`;
CREATE TABLE `exam` (
  `ID` int(11) NOT NULL AUTO_INCREMENT,
  `StartSignDate` datetime NOT NULL,
  `EndSignDate` datetime NOT NULL,
  `StartExamDate` datetime NOT NULL,
  `EndExamDate` datetime NOT NULL,
  `Name` varchar(255) NOT NULL,
  `Summary` varchar(1024) DEFAULT NULL,
  `Address` varchar(255) DEFAULT NULL,
  PRIMARY KEY (`ID`)
) ENGINE=InnoDB AUTO_INCREMENT=4 DEFAULT CHARSET=utf8;

-- ----------------------------
-- Table structure for examresult
-- ----------------------------
DROP TABLE IF EXISTS `examresult`;
CREATE TABLE `examresult` (
  `ID` int(11) NOT NULL AUTO_INCREMENT,
  `MemberID` int(11) NOT NULL,
  `ExamID` int(11) NOT NULL,
  `Result` bit(1) DEFAULT NULL,
  `CreateTime` datetime NOT NULL,
  `Note` varchar(1024) DEFAULT NULL,
  `UpdateTime` datetime DEFAULT NULL,
  PRIMARY KEY (`ID`),
  KEY `ix_userid` (`MemberID`),
  KEY `ix_examid` (`ExamID`)
) ENGINE=InnoDB AUTO_INCREMENT=3 DEFAULT CHARSET=utf8;

-- ----------------------------
-- Table structure for institution
-- ----------------------------
DROP TABLE IF EXISTS `institution`;
CREATE TABLE `institution` (
  `ID` int(11) NOT NULL,
  `Name` varchar(255) NOT NULL,
  `Type` smallint(6) DEFAULT NULL,
  `Status` smallint(6) NOT NULL,
  `CreateTime` datetime NOT NULL,
  `RegistrationNo` varchar(255) DEFAULT NULL,
  `City` varchar(255) DEFAULT NULL,
  `LegalPerson` varchar(255) DEFAULT NULL,
  PRIMARY KEY (`ID`),
  KEY `ix_inst_name` (`Name`),
  KEY `ix_city` (`City`)
) ENGINE=InnoDB DEFAULT CHARSET=utf8;

-- ----------------------------
-- Table structure for member
-- ----------------------------
DROP TABLE IF EXISTS `member`;
CREATE TABLE `member` (
  `ID` int(11) NOT NULL,
  `RealName` varchar(255) DEFAULT NULL,
  `InstitutionID` int(11) NOT NULL DEFAULT '0',
  `IDNo` varchar(255) DEFAULT NULL,
  `Birthday` datetime DEFAULT NULL,
  `Gender` varchar(20) DEFAULT NULL,
  `Status` int(11) DEFAULT '1',
  `Major` int(11) NOT NULL DEFAULT '0',
  `EduRecord` int(11) NOT NULL DEFAULT '0',
  PRIMARY KEY (`ID`),
  KEY `ix_realname` (`RealName`),
  KEY `ix_inst_id` (`InstitutionID`)
) ENGINE=InnoDB DEFAULT CHARSET=utf8;

-- ----------------------------
-- Table structure for practice
-- ----------------------------
DROP TABLE IF EXISTS `practice`;
CREATE TABLE `practice` (
  `ID` int(11) NOT NULL AUTO_INCREMENT,
  `MemberID` int(11) NOT NULL,
  `InstID` int(11) NOT NULL,
  `Data` blob,
  `CheckResult` int(1) DEFAULT NULL,
  PRIMARY KEY (`ID`)
) ENGINE=InnoDB AUTO_INCREMENT=3 DEFAULT CHARSET=gb2312;

-- ----------------------------
-- Table structure for profile
-- ----------------------------
DROP TABLE IF EXISTS `profile`;
CREATE TABLE `profile` (
  `ID` int(11) NOT NULL AUTO_INCREMENT,
  `UserID` int(11) NOT NULL,
  `CreateTime` datetime NOT NULL,
  `UpdateTime` datetime DEFAULT NULL,
  `Data` blob,
  `CheckResult` int(1) DEFAULT NULL,
  PRIMARY KEY (`ID`),
  KEY `ix_userid` (`UserID`)
) ENGINE=InnoDB AUTO_INCREMENT=18 DEFAULT CHARSET=gb2312;

-- ----------------------------
-- Table structure for transfer
-- ----------------------------
DROP TABLE IF EXISTS `transfer`;
CREATE TABLE `transfer` (
  `ID` int(11) NOT NULL AUTO_INCREMENT,
  `MemberID` int(11) NOT NULL,
  `CurrentInstID` int(11) NOT NULL,
  `TargetInstID` int(11) NOT NULL,
  `CreateTime` datetime NOT NULL,
  `Mode` int(1) NOT NULL,
  `UpdateTime` datetime DEFAULT NULL,
  PRIMARY KEY (`ID`)
) ENGINE=InnoDB AUTO_INCREMENT=7 DEFAULT CHARSET=gb2312;

-- ----------------------------
-- Table structure for user
-- ----------------------------
DROP TABLE IF EXISTS `user`;
CREATE TABLE `user` (
  `ID` int(11) NOT NULL AUTO_INCREMENT,
  `Username` varchar(128) NOT NULL,
  `Password` varchar(128) NOT NULL,
  `Question` varchar(255) DEFAULT NULL,
  `Answer` varchar(255) DEFAULT NULL,
  `RegisterTime` datetime NOT NULL,
  `LastLoginTime` datetime NOT NULL,
  `Role` int(11) NOT NULL,
  `Deleted` bit(1) NOT NULL,
  PRIMARY KEY (`ID`),
  KEY `ix_username` (`Username`)
) ENGINE=InnoDB AUTO_INCREMENT=11 DEFAULT CHARSET=utf8;

-- ----------------------------
-- View structure for vcheck_inst
-- ----------------------------
DROP VIEW IF EXISTS `vcheck_inst`;
CREATE ALGORITHM=UNDEFINED DEFINER=`root`@`localhost` SQL SECURITY DEFINER VIEW `vcheck_inst` AS select `checklog`.`ID` AS `ID`,`checklog`.`InfoID` AS `InfoID`,`checklog`.`UserID` AS `UserID`,`checklog`.`CheckType` AS `CheckType`,`checklog`.`UpdateTime` AS `UpdateTime`,`checklog`.`Result` AS `Result`,`checklog`.`CreateTime` AS `CreateTime`,`institution`.`Name` AS `InstName`,`institution`.`Type` AS `Type`,`institution`.`Status` AS `Status`,`institution`.`LegalPerson` AS `LegalPerson`,`institution`.`City` AS `City`,`institution`.`RegistrationNo` AS `RegistrationNo` from (`checklog` join `institution` on((`checklog`.`UserID` = `institution`.`ID`)));

-- ----------------------------
-- View structure for vcheck_member
-- ----------------------------
DROP VIEW IF EXISTS `vcheck_member`;
CREATE ALGORITHM=UNDEFINED DEFINER=`root`@`localhost` SQL SECURITY DEFINER VIEW `vcheck_member` AS select `checklog`.`ID` AS `ID`,`checklog`.`InfoID` AS `InfoID`,`checklog`.`UserID` AS `UserID`,`checklog`.`CheckType` AS `CheckType`,`checklog`.`UpdateTime` AS `UpdateTime`,`checklog`.`Result` AS `Result`,`checklog`.`CreateTime` AS `CreateTime`,`member`.`RealName` AS `RealName`,`member`.`Status` AS `Status`,`member`.`Gender` AS `Gender`,`member`.`InstitutionID` AS `InstitutionID`,`member`.`Major` AS `Major`,`member`.`EduRecord` AS `EduRecord` from (`checklog` join `member` on((`checklog`.`UserID` = `member`.`ID`)));

-- ----------------------------
-- View structure for vcheck_transfer
-- ----------------------------
DROP VIEW IF EXISTS `vcheck_transfer`;
CREATE ALGORITHM=UNDEFINED DEFINER=`loowootech`@`localhost` SQL SECURITY DEFINER VIEW `vcheck_transfer` AS select `checklog`.`ID` AS `ID`,`checklog`.`InfoID` AS `InfoID`,`checklog`.`UserID` AS `UserID`,`checklog`.`CheckType` AS `CheckType`,`checklog`.`CreateTime` AS `CreateTime`,`checklog`.`UpdateTime` AS `UpdateTime`,`checklog`.`Result` AS `Result`,`transfer`.`TargetInstID` AS `TargetInstID`,`transfer`.`Mode` AS `Mode`,`member`.`RealName` AS `RealName`,`transfer`.`CurrentInstID` AS `CurrentInstID` from ((`checklog` join `transfer` on((`checklog`.`InfoID` = `transfer`.`ID`))) join `member` on((`checklog`.`UserID` = `member`.`ID`))) where (`checklog`.`CheckType` = '2');

-- ----------------------------
-- Records 
-- ----------------------------
INSERT INTO `checklog` VALUES ('17', '11', '7', '1', '2014-08-12 09:57:03', '2014-08-12 11:33:13', '', null);
INSERT INTO `checklog` VALUES ('19', '13', '7', '1', '2014-08-12 12:03:07', '2014-08-12 12:03:43', '', 'sdfasdf');
INSERT INTO `checklog` VALUES ('20', '14', '7', '1', '2014-08-12 12:05:21', '2014-08-12 12:05:52', '', null);
INSERT INTO `checklog` VALUES ('21', '3', '8', '6', '2014-08-12 12:13:49', '2014-08-12 13:30:51', '', null);
INSERT INTO `checklog` VALUES ('22', '16', '9', '1', '2014-08-12 14:35:52', '2014-08-12 14:40:18', '', null);
INSERT INTO `checklog` VALUES ('23', '5', '8', '2', '2014-08-12 14:50:44', '2014-08-12 17:45:47', '', null);
INSERT INTO `checklog` VALUES ('24', '6', '8', '2', '2014-08-12 17:56:54', '2014-08-12 18:02:07', '', null);
INSERT INTO `checklog` VALUES ('25', '2', '8', '3', '2014-08-13 10:10:53', '2014-08-13 10:21:08', '', null);
INSERT INTO `checkprofile` VALUES ('1', '17', '11');
INSERT INTO `checkprofile` VALUES ('2', '18', '12');
INSERT INTO `checkprofile` VALUES ('3', '19', '13');
INSERT INTO `checkprofile` VALUES ('4', '20', '14');
INSERT INTO `checkprofile` VALUES ('5', '22', '16');
INSERT INTO `exam` VALUES ('3', '2014-07-01 00:00:00', '2014-09-30 00:00:00', '2014-12-05 00:00:00', '2014-12-10 00:00:00', '测试考试', null, '上海');
INSERT INTO `examresult` VALUES ('2', '8', '3', null, '2014-08-12 13:33:20', null, null);
INSERT INTO `institution` VALUES ('7', '杭州智拓房地产土地评估咨询有限公司', '1', '1', '2014-08-12 12:05:13', '330106000000562', '杭州市', '袁洋');
INSERT INTO `institution` VALUES ('9', 'Institution Two', '2', '1', '2014-08-12 14:39:53', null, '宁波市', '郑良俊');
INSERT INTO `member` VALUES ('8', '郑良俊', '7', '32032219821027003X', '1982-10-27 00:00:00', '男', '2', '6', '3');
INSERT INTO `member` VALUES ('10', null, '0', null, null, '男', '0', '0', '0');
INSERT INTO `practice` VALUES ('2', '8', '7', 0x7B22506572736F6E616C5265636F7264734E4F223A6E756C6C2C22536F6369616C53656375726974794E4F223A223232222C22506572736F6E616C5265636F726473496E737469747574696F6E223A223131222C22536F6369616C5365637572697479496E737469747574696F6E223A223131222C225072616374696365526567697374726174696F6E4E4F223A223232222C2243657274696669636174696F6E4E4F223A2232323232222C224F6666696365223A223232222C2243657274696669636174696F6E73223A5B7B224E616D65223A2231222C2243657274696669636174696F6E4E6F223A2231222C224F627461696E44617465223A6E756C6C2C2243657274696669636174696F6E4C6576656C223A6E756C6C7D5D2C224A6F6273223A5B7B22537461727444617465223A6E756C6C2C22456E6444617465223A6E756C6C2C22496E737469747574696F6E223A2232222C224F6666696365223A2232222C224E6F7465223A2232227D5D2C224D6F62696C6550686F6E65223A223232227D, null);
INSERT INTO `profile` VALUES ('11', '7', '2014-08-12 09:57:03', '2014-08-12 11:51:26', 0x7B2254617852656769737472794E6F223A22333330313032373730383130323936222C22526567697374726174696F6E496E737469747574696F6E223A22E69DADE5B79EE5B882E5B7A5E59586E8A18CE694BFE7AEA1E79086E5B180E8A5BFE6B996E58886E5B180222C22526567697374657265644361706974616C223A223530222C22427573696E65737353636F7065223A22E69C8DE58AA1EFBC9AE59C9FE59CB0E8AF84E4BCB0EFBC88E587ADE8B584E8B4A8E7BB8FE890A5EFBC89EFBC8CE688BFE4BAA7E4B8ADE4BB8BEFBC9BE585B6E4BB96E697A0E99C80E68AA5E7BB8FE5AEA1E689B9E79A84E4B880222C2243657274696669636174654E6F223A6E756C6C2C22546F74616C50726F66697473223A6E756C6C2C2241646472657373223A22E69DADE5B79EE5B882E4B88BE59F8EE58CBAE4B8ADE5B1B1E58C97E8B7AF363332E58FB7E8B68AE983BDE59586E58AA1E5A4A7E58EA632313031E5AEA4222C22506F7374636F6465223A6E756C6C2C22456D61696C223A6E756C6C2C2257656273697465223A6E756C6C2C224C6567616C706572736F6E4E6F223A6E756C6C2C22436F6D70616E7954797065223A22E69C89E99990E8B4A3E4BBBBE585ACE58FB8222C22466178223A6E756C6C2C2254656C223A6E756C6C2C224F7065726174696E67506572696F64223A22E995BFE69C9F222C22486173457865717561747572223A747275652C224578657175617475724C6576656C223A22E4B880E7BAA7222C225072616374696365526567697374726174696F6E4E6F223A6E756C6C2C22436F72706F726174654D656D6265724E6F223A6E756C6C2C22546F74616C4D656D62657273223A6E756C6C2C2250726F4D656D62657273223A6E756C6C2C224578706572744D656D62657273223A6E756C6C2C2245737461626C697368656444617465223A22323030352D30322D30325430303A30303A3030222C225368617265486F6C64657273223A5B7B224944223A2231306462633836352D326661652D343564382D383332342D616165373037333265613437222C224E616D65223A22E8A281E6B48B5C74222C2247656E646572223A22E794B7222C224269727468646179223A22313937392D382D3331222C22536861726573223A2235382E303030222C224D6F62696C65223A223133393538313332353434222C225469746C65223A6E756C6C2C2250726F66657373696F6E616C73223A66616C73657D2C7B224944223A2231393534376463632D626635302D346262342D383030322D376463383865656436383830222C224E616D65223A22E99988E7AB8BE5AE9A222C2247656E646572223A22E794B7222C224269727468646179223A22313937332D392D3137222C22536861726573223A2232302E303030222C224D6F62696C65223A223133393537313531373639222C225469746C65223A6E756C6C2C2250726F66657373696F6E616C73223A66616C73657D2C7B224944223A2239363530353134382D666133322D346336612D623637322D316534343464626636303234222C224E616D65223A22E794B3E5B1A0E69D9CE5B9B3222C2247656E646572223A22E794B7222C224269727468646179223A22313938302D312D3239222C22536861726573223A2231332E303030222C224D6F62696C65223A223133313835303030333631222C225469746C65223A6E756C6C2C2250726F66657373696F6E616C73223A66616C73657D2C7B224944223A2234306435623137302D333839612D343461302D626561352D636464616466323061336264222C224E616D65223A22E5BCA0E585B4E5B9B3222C2247656E646572223A22E794B7222C224269727468646179223A22313936392D382D3134222C22536861726573223A22352E303030222C224D6F62696C65223A223133383537313537393536222C225469746C65223A6E756C6C2C2250726F66657373696F6E616C73223A66616C73657D5D2C2245717569706D656E7473223A5B5D2C224944223A302C22537461747573223A302C2243726561746554696D65223A22323031342D30382D31325431313A35313A32352E343638323135322B30383A3030222C2254797065223A302C224E616D65223A22E69DADE5B79EE699BAE68B93E688BFE59CB0E4BAA7E59C9FE59CB0E8AF84E4BCB0E592A8E8AFA2E69C89E99990E585ACE58FB8222C22526567697374726174696F6E4E6F223A22333330313036303030303030353632222C2243697479223A22E69DADE5B79EE5B882222C224D6F62696C6550686F6E65223A6E756C6C2C224C6567616C506572736F6E223A22E8A281E6B48B227D, '1');
INSERT INTO `profile` VALUES ('13', '7', '2014-08-12 12:03:06', '2014-08-12 12:03:57', 0x7B2254617852656769737472794E6F223A22333330313032373730383130323936222C22526567697374726174696F6E496E737469747574696F6E223A22E69DADE5B79EE5B882E5B7A5E59586E8A18CE694BFE7AEA1E79086E5B180E8A5BFE6B996E58886E5B180222C22526567697374657265644361706974616C223A223530222C22427573696E65737353636F7065223A22E69C8DE58AA1EFBC9AE59C9FE59CB0E8AF84E4BCB0EFBC88E587ADE8B584E8B4A8E7BB8FE890A5EFBC89EFBC8CE688BFE4BAA7E4B8ADE4BB8BEFBC9BE585B6E4BB96E697A0E99C80E68AA5E7BB8FE5AEA1E689B9E79A84E4B880222C2243657274696669636174654E6F223A6E756C6C2C22546F74616C50726F66697473223A6E756C6C2C2241646472657373223A22E69DADE5B79EE5B882E4B88BE59F8EE58CBAE4B8ADE5B1B1E58C97E8B7AF363332E58FB7E8B68AE983BDE59586E58AA1E5A4A7E58EA632313031E5AEA4222C22506F7374636F6465223A6E756C6C2C22456D61696C223A6E756C6C2C2257656273697465223A6E756C6C2C224C6567616C706572736F6E4E6F223A6E756C6C2C22436F6D70616E7954797065223A22E69C89E99990E8B4A3E4BBBBE585ACE58FB8222C22466178223A22303537312D3837363531363335222C2254656C223A22303537312D3837363531363335222C224F7065726174696E67506572696F64223A22E995BFE69C9F222C22486173457865717561747572223A747275652C224578657175617475724C6576656C223A22E4B880E7BAA7222C225072616374696365526567697374726174696F6E4E6F223A6E756C6C2C22436F72706F726174654D656D6265724E6F223A6E756C6C2C22546F74616C4D656D62657273223A6E756C6C2C2250726F4D656D62657273223A6E756C6C2C224578706572744D656D62657273223A6E756C6C2C2245737461626C697368656444617465223A22323030352D30322D30325430303A30303A3030222C225368617265486F6C64657273223A5B7B224944223A2265643266323839642D393138652D343432642D613436382D616334666235653865376433222C224E616D65223A22E8A281E6B48B5C74222C2247656E646572223A22E794B7222C224269727468646179223A22313937392D382D3331222C22536861726573223A2235382E303030222C224D6F62696C65223A223133393538313332353434222C225469746C65223A6E756C6C2C2250726F66657373696F6E616C73223A66616C73657D2C7B224944223A2234653130333338362D336338342D346366392D623032352D633164363361643163376232222C224E616D65223A22E99988E7AB8BE5AE9A222C2247656E646572223A22E794B7222C224269727468646179223A22313937332D392D3137222C22536861726573223A2232302E303030222C224D6F62696C65223A223133393537313531373639222C225469746C65223A6E756C6C2C2250726F66657373696F6E616C73223A66616C73657D2C7B224944223A2266643162303162382D653030662D343132332D613138362D623933313062616665643761222C224E616D65223A22E794B3E5B1A0E69D9CE5B9B3222C2247656E646572223A22E794B7222C224269727468646179223A22313938302D312D3239222C22536861726573223A2231332E303030222C224D6F62696C65223A223133313835303030333631222C225469746C65223A6E756C6C2C2250726F66657373696F6E616C73223A66616C73657D2C7B224944223A2233316436353037352D313839392D346332382D623862652D366333636263323733343764222C224E616D65223A22E5BCA0E585B4E5B9B3222C2247656E646572223A22E794B7222C224269727468646179223A22313936392D382D3134222C22536861726573223A22352E303030222C224D6F62696C65223A223133383537313537393536222C225469746C65223A6E756C6C2C2250726F66657373696F6E616C73223A66616C73657D5D2C2245717569706D656E7473223A5B5D2C224944223A302C22537461747573223A302C2243726561746554696D65223A22323031342D30382D31325431323A30323A34342E373831393737312B30383A3030222C2254797065223A302C224E616D65223A22E69DADE5B79EE699BAE68B93E688BFE59CB0E4BAA7E59C9FE59CB0E8AF84E4BCB0E592A8E8AFA2E69C89E99990E585ACE58FB8222C22526567697374726174696F6E4E6F223A22333330313036303030303030353632222C2243697479223A22E69DADE5B79EE5B882222C224D6F62696C6550686F6E65223A223133393538313332353434222C224C6567616C506572736F6E223A22E8A281E6B48B227D, '1');
INSERT INTO `profile` VALUES ('14', '7', '2014-08-12 12:05:20', '2014-08-12 12:05:52', 0x7B2254617852656769737472794E6F223A22333330313032373730383130323936222C22526567697374726174696F6E496E737469747574696F6E223A22E69DADE5B79EE5B882E5B7A5E59586E8A18CE694BFE7AEA1E79086E5B180E8A5BFE6B996E58886E5B180222C22526567697374657265644361706974616C223A223530222C22427573696E65737353636F7065223A22E69C8DE58AA1EFBC9AE59C9FE59CB0E8AF84E4BCB0EFBC88E587ADE8B584E8B4A8E7BB8FE890A5EFBC89EFBC8CE688BFE4BAA7E4B8ADE4BB8BEFBC9BE585B6E4BB96E697A0E99C80E68AA5E7BB8FE5AEA1E689B9E79A84E4B880222C2243657274696669636174654E6F223A6E756C6C2C22546F74616C50726F66697473223A6E756C6C2C2241646472657373223A22E69DADE5B79EE5B882E4B88BE59F8EE58CBAE4B8ADE5B1B1E58C97E8B7AF363332E58FB7E8B68AE983BDE59586E58AA1E5A4A7E58EA632313031E5AEA4222C22506F7374636F6465223A6E756C6C2C22456D61696C223A22333636373134344071712E636F6D222C2257656273697465223A227777772E6C616E64706C616E2E636E222C224C6567616C706572736F6E4E6F223A6E756C6C2C22436F6D70616E7954797065223A22E69C89E99990E8B4A3E4BBBBE585ACE58FB8222C22466178223A22303537312D3837363531363335222C2254656C223A22303537312D3837363531363335222C224F7065726174696E67506572696F64223A22E995BFE69C9F222C22486173457865717561747572223A747275652C224578657175617475724C6576656C223A22E4B880E7BAA7222C225072616374696365526567697374726174696F6E4E6F223A2241323031313333303134222C22436F72706F726174654D656D6265724E6F223A6E756C6C2C22546F74616C4D656D62657273223A6E756C6C2C2250726F4D656D62657273223A6E756C6C2C224578706572744D656D62657273223A6E756C6C2C2245737461626C697368656444617465223A22323030352D30322D30325430303A30303A3030222C225368617265486F6C64657273223A5B7B224944223A2239393239663763392D393333372D343564662D623737372D346331613132353863356436222C224E616D65223A22E8A281E6B48B5C74222C2247656E646572223A22E794B7222C224269727468646179223A22313937392D382D3331222C22536861726573223A2235382E303030222C224D6F62696C65223A223133393538313332353434222C225469746C65223A6E756C6C2C2250726F66657373696F6E616C73223A66616C73657D2C7B224944223A2261396265633435642D656661652D346565322D626130362D633963376233323361323063222C224E616D65223A22E99988E7AB8BE5AE9A222C2247656E646572223A22E794B7222C224269727468646179223A22313937332D392D3137222C22536861726573223A2232302E303030222C224D6F62696C65223A223133393537313531373639222C225469746C65223A6E756C6C2C2250726F66657373696F6E616C73223A66616C73657D2C7B224944223A2265303531663631382D336235612D346231362D393261632D353136656136333832383530222C224E616D65223A22E794B3E5B1A0E69D9CE5B9B3222C2247656E646572223A22E794B7222C224269727468646179223A22313938302D312D3239222C22536861726573223A2231332E303030222C224D6F62696C65223A223133313835303030333631222C225469746C65223A6E756C6C2C2250726F66657373696F6E616C73223A66616C73657D2C7B224944223A2239376333366332322D393731632D346538322D613634382D613064353162306262646130222C224E616D65223A22E5BCA0E585B4E5B9B3222C2247656E646572223A22E794B7222C224269727468646179223A22313936392D382D3134222C22536861726573223A22352E303030222C224D6F62696C65223A223133383537313537393536222C225469746C65223A6E756C6C2C2250726F66657373696F6E616C73223A66616C73657D5D2C2245717569706D656E7473223A5B5D2C224944223A302C22537461747573223A302C2243726561746554696D65223A22323031342D30382D31325431323A30353A31322E353737373434372B30383A3030222C2254797065223A302C224E616D65223A22E69DADE5B79EE699BAE68B93E688BFE59CB0E4BAA7E59C9FE59CB0E8AF84E4BCB0E592A8E8AFA2E69C89E99990E585ACE58FB8222C22526567697374726174696F6E4E6F223A22333330313036303030303030353632222C2243697479223A22E69DADE5B79EE5B882222C224D6F62696C6550686F6E65223A223133393538313332353434222C224C6567616C506572736F6E223A22E8A281E6B48B227D, '1');
INSERT INTO `profile` VALUES ('15', '8', '2014-08-12 12:13:49', '2014-08-12 17:21:34', 0x7B224D6F62696C6550686F6E65223A223138313231373833323330222C22456D61696C223A22333636373134344071712E636F6D222C225469746C65223A22E8BDAFE4BBB6E5B7A5E7A88BE5B888222C225363686F6F6C223A22E8A5BFE58D97E5A4A7E5ADA6222C224564754C6576656C223A6E756C6C2C2247726164756174696F6E44617465223A6E756C6C2C225374617274576F726B696E6744617465223A6E756C6C2C22576F726B696E675965617273223A302C224A6F62223A6E756C6C2C22506F6C69746963616C5374617465223A22E6B885E799BD222C224E6174696F6E616C697479223A22E6B189E6978F222C224E6174697665506C616365223A22E6B19FE88B8FE6B29BE58EBF222C22506F7374636F6465223A6E756C6C2C2241646472657373223A22E6B19FE88B8FE6B29BE58EBF222C225072616374696365496E666F223A7B22506572736F6E616C5265636F7264734E4F223A6E756C6C2C22536F6369616C53656375726974794E4F223A6E756C6C2C22506572736F6E616C5265636F726473496E737469747574696F6E223A6E756C6C2C22536F6369616C5365637572697479496E737469747574696F6E223A6E756C6C2C225072616374696365526567697374726174696F6E4E4F223A6E756C6C2C2243657274696669636174696F6E4E4F223A6E756C6C2C224F6666696365223A6E756C6C2C2243657274696669636174696F6E73223A5B5D2C224A6F6273223A5B5D2C224D6F62696C6550686F6E65223A6E756C6C7D2C224944223A382C22496E737469747574696F6E4944223A302C225265616C4E616D65223A22E98391E889AFE4BF8A222C224269727468646179223A22313938322D31302D32375430303A30303A3030222C2247656E646572223A22E794B7222C224D616A6F72223A362C224564755265636F7264223A332C2249444E6F223A22333230333232313938323130323730303358222C22537461747573223A307D, null);
INSERT INTO `profile` VALUES ('16', '9', '2014-08-12 14:35:52', '2014-08-12 14:40:35', 0x7B2254617852656769737472794E6F223A6E756C6C2C22526567697374726174696F6E496E737469747574696F6E223A6E756C6C2C22526567697374657265644361706974616C223A6E756C6C2C22427573696E65737353636F7065223A6E756C6C2C2243657274696669636174654E6F223A6E756C6C2C22546F74616C50726F66697473223A6E756C6C2C2241646472657373223A6E756C6C2C22506F7374636F6465223A6E756C6C2C224164647265737331223A6E756C6C2C22506F7374636F646531223A6E756C6C2C22456D61696C223A6E756C6C2C2257656273697465223A6E756C6C2C224C6567616C706572736F6E4E6F223A6E756C6C2C22436F6D70616E7954797065223A22E998BFE4B889E59CB0E696B9222C22466178223A6E756C6C2C2254656C223A6E756C6C2C224F7065726174696E67506572696F64223A6E756C6C2C22486173457865717561747572223A747275652C224578657175617475724C6576656C223A6E756C6C2C225072616374696365526567697374726174696F6E4E6F223A6E756C6C2C22436F72706F726174654D656D6265724E6F223A6E756C6C2C22546F74616C4D656D62657273223A6E756C6C2C2250726F4D656D62657273223A6E756C6C2C224578706572744D656D62657273223A6E756C6C2C2245737461626C697368656444617465223A6E756C6C2C225368617265486F6C64657273223A5B5D2C2245717569706D656E7473223A5B5D2C224944223A302C22537461747573223A302C2243726561746554696D65223A22323031342D30382D31325431343A33393A35322E393035313936372B30383A3030222C2254797065223A302C224E616D65223A22496E737469747574696F6E2054776F222C22526567697374726174696F6E4E6F223A6E756C6C2C2243697479223A22E5AE81E6B3A2E5B882222C224D6F62696C6550686F6E65223A6E756C6C2C224C6567616C506572736F6E223A22E98391E889AFE4BF8A227D, '1');
INSERT INTO `profile` VALUES ('17', '9', '2014-08-12 15:40:04', null, 0x7B2254617852656769737472794E6F223A6E756C6C2C22526567697374726174696F6E496E737469747574696F6E223A6E756C6C2C22526567697374657265644361706974616C223A6E756C6C2C22427573696E65737353636F7065223A6E756C6C2C2243657274696669636174654E6F223A6E756C6C2C22546F74616C50726F66697473223A6E756C6C2C2241646472657373223A6E756C6C2C22506F7374636F6465223A6E756C6C2C224164647265737331223A6E756C6C2C22506F7374636F646531223A6E756C6C2C22456D61696C223A6E756C6C2C2257656273697465223A6E756C6C2C224C6567616C706572736F6E4E6F223A6E756C6C2C22436F6D70616E7954797065223A22E998BFE4B889E59CB0E696B9222C22466178223A6E756C6C2C2254656C223A6E756C6C2C224F7065726174696E67506572696F64223A6E756C6C2C22486173457865717561747572223A747275652C224578657175617475724C6576656C223A6E756C6C2C225072616374696365526567697374726174696F6E4E6F223A6E756C6C2C22436F72706F726174654D656D6265724E6F223A6E756C6C2C22546F74616C4D656D62657273223A6E756C6C2C2250726F4D656D62657273223A6E756C6C2C224578706572744D656D62657273223A6E756C6C2C2245737461626C697368656444617465223A6E756C6C2C225368617265486F6C64657273223A5B5D2C2245717569706D656E7473223A5B5D2C224944223A302C22537461747573223A302C2243726561746554696D65223A22323031342D30382D31325431353A34303A30342E313535323637322B30383A3030222C2254797065223A302C224E616D65223A22496E737469747574696F6E2054776F222C22526567697374726174696F6E4E6F223A6E756C6C2C2243697479223A22E5AE81E6B3A2E5B882222C224D6F62696C6550686F6E65223A6E756C6C2C224C6567616C506572736F6E223A22E98391E889AFE4BF8A227D, null);
INSERT INTO `transfer` VALUES ('5', '8', '0', '9', '2014-08-12 14:50:43', '0', '2014-08-12 17:45:52');
INSERT INTO `transfer` VALUES ('6', '8', '9', '7', '2014-08-12 17:56:53', '0', '2014-08-12 18:02:07');
INSERT INTO `user` VALUES ('1', 'admin', '21232f297a57a5a743894a0e4a801fc3', '你喜欢的宠物叫什么名字？', null, '2014-07-22 20:43:58', '2014-07-22 20:43:58', '3', '');
INSERT INTO `user` VALUES ('7', 'inst1', 'e10adc3949ba59abbe56e057f20f883e', null, null, '2014-08-12 09:54:38', '2014-08-12 09:54:38', '2', '');
INSERT INTO `user` VALUES ('8', 'user1', '202cb962ac59075b964b07152d234b70', '你喜欢的宠物叫什么名字？', '123', '2014-08-12 12:08:30', '2014-08-12 12:08:30', '1', '');
INSERT INTO `user` VALUES ('9', 'inst2', 'e10adc3949ba59abbe56e057f20f883e', null, null, '2014-08-12 14:35:08', '2014-08-12 14:35:08', '2', '');
INSERT INTO `user` VALUES ('10', 'user2', '202cb962ac59075b964b07152d234b70', '你喜欢的宠物叫什么名字？', null, '2014-08-12 17:14:25', '2014-08-12 17:14:25', '1', '');
